{
  "T": 0.7166168689727783,
  "ece_truoc": 0.012835044860839803,
  "ece_sau": 0.019131882091363312,
  "nguong_refuse": 0.7950000000000003,
  "f1_full": 0.9753694581280788,
  "f1_lo": 0.9624796084828712,
  "f1_hi": 0.9874213836477987,
  "mining_curve": [
    0.026666666666666616,
    0.020000000000000018,
    0.040000000000000036
  ],
  "ablation": [
    [
      "Full",
      0.9753694581280788,
      0.96,
      0.7950000000000003
    ],
    [
      "− margin loss",
      0.9867549668874172,
      0.98,
      0.5
    ],
    [
      "− hard-neg mining",
      0.9884678747940692,
      0.9766666666666667,
      0.5
    ],
    [
      "− calibration",
      0.9753694581280788,
      0.96,
      0.7300000000000002
    ],
    [
      "− NLI (chỉ rule)",
      0.0,
      0.0,
      null
    ]
  ],
  "n_train": 4198,
  "n_test": 600,
  "device": "cuda",
  "giay": 500
}