{
  "test": "data/guard/test.jsonl",
  "n_train": 4198,
  "n_test": 708,
  "che_do": {
    "hypothesis-only": {
      "macro_f1": 0.36830292261379693,
      "f1_grounded": 0.6582768635043562,
      "f1_bia": 0.0783289817232376
    },
    "premise-only": {
      "macro_f1": 0.4919638698948437,
      "f1_grounded": 0.46971935007385524,
      "f1_bia": 0.5142083897158322
    },
    "full": {
      "macro_f1": 0.39651688727963436,
      "f1_grounded": 0.6377396569122099,
      "f1_bia": 0.15529411764705883
    }
  },
  "gap_full_hyp": 0.02821396466583742
}